SampleID,SampleDate,MethodCode,StationCode,OrganismCode,ForkLength,CatchCount,SpecialStudy,WaterTemperature,DO,Turbidity,Secchi,GearConditionCode,latitude,longitude
376057,11/10/2021,MWTR,SB018N,LFS,70,1,n/a,15.6,7.17,24.9,0.46,1,38.047967,-121.909917
376057,11/10/2021,MWTR,SB018N,LFS,66,1,n/a,15.6,7.17,24.9,0.46,1,38.047967,-121.909917
376237,11/15/2021,MWTR,SB018M,LFS,64,1,n/a,15.5,7.38,29.8,0.44,1,38.04598,-121.909917
376243,11/15/2021,MWTR,SB018N,LFS,64,1,n/a,15.5,7.48,31.5,0.51,1,38.047967,-121.909917
376250,11/15/2021,MWTR,SB018N,LFS,68,1,n/a,15.3,7.75,44.5,0.46,1,38.047967,-121.909917
376348,11/17/2021,MWTR,SB018N,LFS,64,1,n/a,15.3,7.53,34.4,0.44,1,38.047967,-121.909917
376759,11/29/2021,MWTR,SB018N,LFS,107,1,FCCL,13.7,7.08,18.7,0.59,1,38.047967,-121.909917
376759,11/29/2021,MWTR,SB018N,LFS,95,1,FCCL,13.7,7.08,18.7,0.59,1,38.047967,-121.909917
376762,11/29/2021,MWTR,SB018N,LFS,61,1,n/a,13.8,7.16,37.3,0.48,1,38.047967,-121.909917
376762,11/29/2021,MWTR,SB018N,LFS,69,1,n/a,13.8,7.16,37.3,0.48,1,38.047967,-121.909917
376762,11/29/2021,MWTR,SB018N,LFS,64,1,n/a,13.8,7.16,37.3,0.48,1,38.047967,-121.909917
376762,11/29/2021,MWTR,SB018N,LFS,75,1,n/a,13.8,7.16,37.3,0.48,1,38.047967,-121.909917
376768,11/29/2021,MWTR,SB018M,LFS,105,1,FCCL,14.1,7.17,34,0.42,1,38.04598,-121.909917
376869,12/1/2021,MWTR,SB018N,LFS,61,1,n/a,14,8.21,23.3,0.4,1,38.047967,-121.909917
376870,12/1/2021,MWTR,SB018N,LFS,69,1,n/a,14,8.35,34.7,0.38,1,38.047967,-121.909917
376870,12/1/2021,MWTR,SB018N,LFS,65,1,n/a,14,8.35,34.7,0.38,1,38.047967,-121.909917
376870,12/1/2021,MWTR,SB018N,LFS,75,1,n/a,14,8.35,34.7,0.38,1,38.047967,-121.909917
376871,12/1/2021,MWTR,SB018N,LFS,70,1,n/a,14,8.56,40.6,0.36,1,38.047967,-121.909917
376871,12/1/2021,MWTR,SB018N,LFS,108,1,FCCL,14,8.56,40.6,0.36,1,38.047967,-121.909917
376872,12/1/2021,MWTR,SB018M,LFS,63,1,n/a,14,8.27,52.4,0.4,1,38.04598,-121.909917
377254,12/2/2021,MWTR,SB018N,LFS,113,1,FCCL,12.8,8.53,24.6,0.43,1,38.047967,-121.909917
377254,12/2/2021,MWTR,SB018N,LFS,61,1,n/a,12.8,8.53,24.6,0.43,1,38.047967,-121.909917
377254,12/2/2021,MWTR,SB018N,LFS,68,1,n/a,12.8,8.53,24.6,0.43,1,38.047967,-121.909917
376973,12/3/2021,MWTR,SB018N,LFS,100,1,FCCL,13.8,8.48,21.8,0.71,1,38.047967,-121.909917
376974,12/3/2021,MWTR,SB018M,LFS,99,1,FCCL,13.7,8.82,17.1,0.64,1,38.04598,-121.909917
376980,12/3/2021,MWTR,SB018M,LFS,100,1,FCCL,13.8,8.31,35.1,0.49,1,38.04598,-121.909917
377257,12/9/2021,MWTR,SB018N,LFS,98,1,FCCL,12.9,8.26,32,0.38,1,38.047967,-121.909917
377257,12/9/2021,MWTR,SB018N,LFS,100,1,FCCL,12.9,8.26,32,0.38,1,38.047967,-121.909917
377257,12/9/2021,MWTR,SB018N,LFS,109,1,FCCL,12.9,8.26,32,0.38,1,38.047967,-121.909917
377258,12/9/2021,MWTR,SB018N,LFS,94,1,FCCL,12.9,8.29,39.1,0.46,1,38.047967,-121.909917
377258,12/9/2021,MWTR,SB018N,LFS,110,1,FCCL,12.9,8.29,39.1,0.46,1,38.047967,-121.909917
377258,12/9/2021,MWTR,SB018N,LFS,100,1,FCCL,12.9,8.29,39.1,0.46,1,38.047967,-121.909917
377259,12/9/2021,MWTR,SB018N,LFS,73,1,n/a,12.8,8.91,50.9,0.42,1,38.047967,-121.909917
377259,12/9/2021,MWTR,SB018N,LFS,63,1,n/a,12.8,8.91,50.9,0.42,1,38.047967,-121.909917
377259,12/9/2021,MWTR,SB018N,LFS,68,1,n/a,12.8,8.91,50.9,0.42,1,38.047967,-121.909917
377261,12/9/2021,MWTR,SB018M,LFS,105,1,FCCL,12.9,8.29,58,0.34,1,38.04598,-121.909917
377261,12/9/2021,MWTR,SB018M,LFS,72,1,n/a,12.9,8.29,58,0.34,1,38.04598,-121.909917
377261,12/9/2021,MWTR,SB018M,LFS,105,1,FCCL,12.9,8.29,58,0.34,1,38.04598,-121.909917
377261,12/9/2021,MWTR,SB018M,LFS,57,1,n/a,12.9,8.29,58,0.34,1,38.04598,-121.909917
377264,12/9/2021,MWTR,SB018M,LFS,112,1,FCCL,12.9,8.61,71.3,0.56,1,38.04598,-121.909917
377336,12/10/2021,MWTR,SB018S,LFS,92,1,FCCL,12.5,8.98,30.7,0.42,1,38.04283,-121.909917
377338,12/10/2021,MWTR,SB018M,LFS,107,1,FCCL,12.4,8.63,49.6,0.37,1,38.04598,-121.909917
377340,12/10/2021,MWTR,SB018M,LFS,72,1,n/a,12.4,8.86,38.2,0.37,1,38.04598,-121.909917
377340,12/10/2021,MWTR,SB018M,LFS,61,1,n/a,12.4,8.86,38.2,0.37,1,38.04598,-121.909917
377340,12/10/2021,MWTR,SB018M,LFS,60,1,n/a,12.4,8.86,38.2,0.37,1,38.04598,-121.909917
377340,12/10/2021,MWTR,SB018M,LFS,93,1,FCCL,12.4,8.86,38.2,0.37,1,38.04598,-121.909917
377340,12/10/2021,MWTR,SB018M,LFS,75,1,n/a,12.4,8.86,38.2,0.37,1,38.04598,-121.909917
377340,12/10/2021,MWTR,SB018M,LFS,74,1,n/a,12.4,8.86,38.2,0.37,1,38.04598,-121.909917
377340,12/10/2021,MWTR,SB018M,LFS,67,1,n/a,12.4,8.86,38.2,0.37,1,38.04598,-121.909917
377354,12/10/2021,MWTR,SB018M,LFS,102,1,FCCL,12.5,8.41,42.3,0.32,1,38.04598,-121.909917
377306,12/12/2021,MWTR,SB018M,LFS,80,1,L,12.3,8.41,18,0.58,1,38.04598,-121.909917
377316,12/12/2021,MWTR,SB018S,LFS,73,1,n/a,12.3,8.67,19.2,0.36,1,38.04283,-121.909917
377321,12/12/2021,MWTR,SB018S,LFS,100,1,FCCL,12.3,8.42,32.2,0.35,1,38.04283,-121.909917
377330,12/12/2021,MWTR,SB018S,LFS,93,1,FCCL,12.2,8.41,42.5,0.33,1,38.04283,-121.909917
377332,12/12/2021,MWTR,SB018N,LFS,119,1,FCCL,12.2,8.67,42.6,0.37,1,38.047967,-121.909917
377333,12/12/2021,MWTR,SB018N,LFS,62,1,n/a,12.2,8.37,52.6,0.57,1,38.047967,-121.909917
377333,12/12/2021,MWTR,SB018N,LFS,59,1,n/a,12.2,8.37,52.6,0.57,1,38.047967,-121.909917
377333,12/12/2021,MWTR,SB018N,LFS,98,1,FCCL,12.2,8.37,52.6,0.57,1,38.047967,-121.909917
377335,12/12/2021,MWTR,SB018N,LFS,93,1,FCCL,12.2,8.1,73.2,0.28,1,38.047967,-121.909917
377335,12/12/2021,MWTR,SB018N,LFS,78,1,n/a,12.2,8.1,73.2,0.28,1,38.047967,-121.909917
377335,12/12/2021,MWTR,SB018N,LFS,77,1,n/a,12.2,8.1,73.2,0.28,1,38.047967,-121.909917
377401,12/13/2021,MWTR,SB018M,LFS,65,1,n/a,12.1,9.31,34.7,0.44,1,38.04598,-121.909917
377402,12/13/2021,MWTR,SB018M,LFS,58,1,n/a,12.1,9.32,25,0.38,1,38.04598,-121.909917
377591,12/16/2021,MWTR,SB018M,LFS,104,1,FCCL,11.1,9.34,20.9,0.44,1,38.04598,-121.909917
377593,12/16/2021,MWTR,SB018M,LFS,115,1,FCCL,11.1,9.74,26,0.49,1,38.04598,-121.909917
377631,12/19/2021,MWTR,SB018N,LFS,73,1,n/a,10.6,9.77,33.9,0.42,1,38.047967,-121.909917
377818,12/20/2021,MWTR,SB018M,LFS,106,1,FCCL,10.1,9.4,24.6,0.47,1,38.04598,-121.909917
377826,12/20/2021,MWTR,SB018N,LFS,89,1,FCCL,10.1,10.14,29.8,0.45,1,38.047967,-121.909917
377829,12/20/2021,MWTR,SB018S,LFS,93,1,FCCL,10.2,9.43,29,0.51,1,38.04283,-121.909917
377831,12/20/2021,MWTR,SB018S,LFS,98,1,FCCL,10.1,9.67,30.3,0.43,1,38.04283,-121.909917
377832,12/20/2021,MWTR,SB018S,LFS,108,1,FCCL,10.2,9.51,26.9,0.48,1,38.04283,-121.909917
377840,12/21/2021,MWTR,SB018S,LFS,115,1,FCCL,9.8,9.56,27.4,0.42,1,38.04283,-121.909917
377840,12/21/2021,MWTR,SB018S,LFS,74,1,n/a,9.8,9.56,27.4,0.42,1,38.04283,-121.909917
377992,12/21/2021,MWTR,SB018S,LFS,115,1,FCCL,9.9,9.49,30.5,0.43,1,38.04283,-121.909917
377992,12/21/2021,MWTR,SB018S,LFS,100,1,FCCL,9.9,9.49,30.5,0.43,1,38.04283,-121.909917
377993,12/21/2021,MWTR,SB018S,LFS,105,1,FCCL,10,9.83,27.4,0.44,1,38.04283,-121.909917
377993,12/21/2021,MWTR,SB018S,LFS,107,1,FCCL,10,9.83,27.4,0.44,1,38.04283,-121.909917
377993,12/21/2021,MWTR,SB018S,LFS,98,1,FCCL,10,9.83,27.4,0.44,1,38.04283,-121.909917
377993,12/21/2021,MWTR,SB018S,LFS,95,1,FCCL,10,9.83,27.4,0.44,1,38.04283,-121.909917
377994,12/21/2021,MWTR,SB018M,LFS,91,1,FCCL,9.7,9.41,39.8,0.34,1,38.04598,-121.909917
377994,12/21/2021,MWTR,SB018M,LFS,104,1,FCCL,9.7,9.41,39.8,0.34,1,38.04598,-121.909917
377995,12/21/2021,MWTR,SB018M,LFS,105,1,FCCL,9.8,9.63,36.1,0.41,1,38.04598,-121.909917
377995,12/21/2021,MWTR,SB018M,LFS,92,1,FCCL,9.8,9.63,36.1,0.41,1,38.04598,-121.909917
377995,12/21/2021,MWTR,SB018M,LFS,103,1,FCCL,9.8,9.63,36.1,0.41,1,38.04598,-121.909917
377997,12/21/2021,MWTR,SB018M,LFS,108,1,n/a,9.8,9.96,33.7,0.43,1,38.04598,-121.909917
377998,12/21/2021,MWTR,SB018N,LFS,105,1,FCCL,9.7,9.59,33.3,0.44,1,38.047967,-121.909917
377999,12/21/2021,MWTR,SB018N,LFS,102,1,FCCL,9.8,9.68,32.1,0.43,1,38.047967,-121.909917
377928,12/22/2021,MWTR,SB018S,LFS,112,1,FCCL,9.6,9.49,33.8,0.42,1,38.04283,-121.909917
377928,12/22/2021,MWTR,SB018S,LFS,105,1,FCCL,9.6,9.49,33.8,0.42,1,38.04283,-121.909917
377928,12/22/2021,MWTR,SB018S,LFS,100,1,FCCL,9.6,9.49,33.8,0.42,1,38.04283,-121.909917
377928,12/22/2021,MWTR,SB018S,LFS,116,1,FCCL,9.6,9.49,33.8,0.42,1,38.04283,-121.909917
377928,12/22/2021,MWTR,SB018S,LFS,112,1,FCCL,9.6,9.49,33.8,0.42,1,38.04283,-121.909917
377928,12/22/2021,MWTR,SB018S,LFS,103,1,FCCL,9.6,9.49,33.8,0.42,1,38.04283,-121.909917
377928,12/22/2021,MWTR,SB018S,LFS,104,1,FCCL,9.6,9.49,33.8,0.42,1,38.04283,-121.909917
377928,12/22/2021,MWTR,SB018S,LFS,96,1,FCCL,9.6,9.49,33.8,0.42,1,38.04283,-121.909917
377928,12/22/2021,MWTR,SB018S,LFS,71,1,n/a,9.6,9.49,33.8,0.42,1,38.04283,-121.909917
377929,12/22/2021,MWTR,SB018S,LFS,77,1,n/a,9.7,9.68,36.2,0.37,1,38.04283,-121.909917
377929,12/22/2021,MWTR,SB018S,LFS,77,1,n/a,9.7,9.68,36.2,0.37,1,38.04283,-121.909917
377929,12/22/2021,MWTR,SB018S,LFS,103,1,FCCL,9.7,9.68,36.2,0.37,1,38.04283,-121.909917
377929,12/22/2021,MWTR,SB018S,LFS,115,1,FCCL,9.7,9.68,36.2,0.37,1,38.04283,-121.909917
377929,12/22/2021,MWTR,SB018S,LFS,110,1,FCCL,9.7,9.68,36.2,0.37,1,38.04283,-121.909917
377929,12/22/2021,MWTR,SB018S,LFS,102,1,FCCL,9.7,9.68,36.2,0.37,1,38.04283,-121.909917
377929,12/22/2021,MWTR,SB018S,LFS,120,1,FCCL,9.7,9.68,36.2,0.37,1,38.04283,-121.909917
377929,12/22/2021,MWTR,SB018S,LFS,105,1,FCCL,9.7,9.68,36.2,0.37,1,38.04283,-121.909917
377929,12/22/2021,MWTR,SB018S,LFS,120,1,FCCL,9.7,9.68,36.2,0.37,1,38.04283,-121.909917
377929,12/22/2021,MWTR,SB018S,LFS,110,1,FCCL,9.7,9.68,36.2,0.37,1,38.04283,-121.909917
377929,12/22/2021,MWTR,SB018S,LFS,105,1,FCCL,9.7,9.68,36.2,0.37,1,38.04283,-121.909917
377929,12/22/2021,MWTR,SB018S,LFS,97,1,FCCL,9.7,9.68,36.2,0.37,1,38.04283,-121.909917
377929,12/22/2021,MWTR,SB018S,LFS,103,1,FCCL,9.7,9.68,36.2,0.37,1,38.04283,-121.909917
377929,12/22/2021,MWTR,SB018S,LFS,99,1,FCCL,9.7,9.68,36.2,0.37,1,38.04283,-121.909917
377930,12/22/2021,MWTR,SB018S,LFS,98,1,FCCL,9.7,10.29,37.2,0.42,1,38.04283,-121.909917
377930,12/22/2021,MWTR,SB018S,LFS,105,1,FCCL,9.7,10.29,37.2,0.42,1,38.04283,-121.909917
377930,12/22/2021,MWTR,SB018S,LFS,116,1,FCCL,9.7,10.29,37.2,0.42,1,38.04283,-121.909917
377930,12/22/2021,MWTR,SB018S,LFS,99,1,FCCL,9.7,10.29,37.2,0.42,1,38.04283,-121.909917
377930,12/22/2021,MWTR,SB018S,LFS,107,1,FCCL,9.7,10.29,37.2,0.42,1,38.04283,-121.909917
377930,12/22/2021,MWTR,SB018S,LFS,96,1,FCCL,9.7,10.29,37.2,0.42,1,38.04283,-121.909917
377930,12/22/2021,MWTR,SB018S,LFS,99,1,FCCL,9.7,10.29,37.2,0.42,1,38.04283,-121.909917
377932,12/22/2021,MWTR,SB018M,LFS,104,1,FCCL,9.6,10,36.3,0.45,1,38.04598,-121.909917
377932,12/22/2021,MWTR,SB018M,LFS,99,1,FCCL,9.6,10,36.3,0.45,1,38.04598,-121.909917
377932,12/22/2021,MWTR,SB018M,LFS,102,1,FCCL,9.6,10,36.3,0.45,1,38.04598,-121.909917
377932,12/22/2021,MWTR,SB018M,LFS,117,1,FCCL,9.6,10,36.3,0.45,1,38.04598,-121.909917
377933,12/22/2021,MWTR,SB018M,LFS,107,1,n/a,9.5,10.36,39.5,0.45,1,38.04598,-121.909917
377933,12/22/2021,MWTR,SB018M,LFS,108,1,n/a,9.5,10.36,39.5,0.45,1,38.04598,-121.909917
377934,12/22/2021,MWTR,SB018M,LFS,108,1,n/a,9.6,9.59,34,0.44,1,38.04598,-121.909917
377934,12/22/2021,MWTR,SB018M,LFS,100,1,n/a,9.6,9.59,34,0.44,1,38.04598,-121.909917
377934,12/22/2021,MWTR,SB018M,LFS,100,1,n/a,9.6,9.59,34,0.44,1,38.04598,-121.909917
377934,12/22/2021,MWTR,SB018M,LFS,110,1,n/a,9.6,9.59,34,0.44,1,38.04598,-121.909917
377934,12/22/2021,MWTR,SB018M,LFS,100,1,n/a,9.6,9.59,34,0.44,1,38.04598,-121.909917
377935,12/22/2021,MWTR,SB018N,LFS,100,1,n/a,9.6,9.84,39.6,0.37,1,38.047967,-121.909917
377936,12/22/2021,MWTR,SB018N,LFS,100,1,n/a,9.6,9.35,39.3,0.41,1,38.047967,-121.909917
377936,12/22/2021,MWTR,SB018N,LFS,110,1,n/a,9.6,9.35,39.3,0.41,1,38.047967,-121.909917
377982,12/23/2021,MWTR,SB018N,LFS,103,1,n/a,9.7,9.67,30.7,0.33,1,38.047967,-121.909917
377982,12/23/2021,MWTR,SB018N,LFS,103,1,n/a,9.7,9.67,30.7,0.33,1,38.047967,-121.909917
377982,12/23/2021,MWTR,SB018N,LFS,70,1,L,9.7,9.67,30.7,0.33,1,38.047967,-121.909917
377983,12/23/2021,MWTR,SB018N,LFS,77,1,n/a,9.8,9.82,30.7,0.37,1,38.047967,-121.909917
377983,12/23/2021,MWTR,SB018N,LFS,98,1,n/a,9.8,9.82,30.7,0.37,1,38.047967,-121.909917
377983,12/23/2021,MWTR,SB018N,LFS,100,1,n/a,9.8,9.82,30.7,0.37,1,38.047967,-121.909917
377984,12/23/2021,MWTR,SB018N,LFS,67,1,n/a,9.7,9.35,52.9,0.32,1,38.047967,-121.909917
377984,12/23/2021,MWTR,SB018N,LFS,60,1,n/a,9.7,9.35,52.9,0.32,1,38.047967,-121.909917
377984,12/23/2021,MWTR,SB018N,LFS,80,1,n/a,9.7,9.35,52.9,0.32,1,38.047967,-121.909917
377985,12/23/2021,MWTR,SB018N,LFS,97,1,n/a,9.8,9.45,43.6,0.33,1,38.047967,-121.909917
377986,12/23/2021,MWTR,SB018M,LFS,110,1,n/a,9.8,9.12,44.2,0.34,1,38.04598,-121.909917
377986,12/23/2021,MWTR,SB018M,LFS,98,1,n/a,9.8,9.12,44.2,0.34,1,38.04598,-121.909917
377986,12/23/2021,MWTR,SB018M,LFS,106,1,n/a,9.8,9.12,44.2,0.34,1,38.04598,-121.909917
377988,12/23/2021,MWTR,SB018M,LFS,100,1,n/a,9.7,9.39,38.2,0.4,1,38.04598,-121.909917
377989,12/23/2021,MWTR,SB018S,LFS,103,1,n/a,9.8,9.86,38.2,0.41,1,38.04283,-121.909917
377989,12/23/2021,MWTR,SB018S,LFS,106,1,n/a,9.8,9.86,38.2,0.41,1,38.04283,-121.909917
377989,12/23/2021,MWTR,SB018S,LFS,94,1,n/a,9.8,9.86,38.2,0.41,1,38.04283,-121.909917
377989,12/23/2021,MWTR,SB018S,LFS,105,1,n/a,9.8,9.86,38.2,0.41,1,38.04283,-121.909917
377989,12/23/2021,MWTR,SB018S,LFS,95,1,n/a,9.8,9.86,38.2,0.41,1,38.04283,-121.909917
377989,12/23/2021,MWTR,SB018S,LFS,115,1,n/a,9.8,9.86,38.2,0.41,1,38.04283,-121.909917
377989,12/23/2021,MWTR,SB018S,LFS,112,1,n/a,9.8,9.86,38.2,0.41,1,38.04283,-121.909917
377989,12/23/2021,MWTR,SB018S,LFS,111,1,n/a,9.8,9.86,38.2,0.41,1,38.04283,-121.909917
377989,12/23/2021,MWTR,SB018S,LFS,109,1,n/a,9.8,9.86,38.2,0.41,1,38.04283,-121.909917
377990,12/23/2021,MWTR,SB018S,LFS,105,1,n/a,9.8,9.34,26.1,0.47,1,38.04283,-121.909917
377990,12/23/2021,MWTR,SB018S,LFS,103,1,n/a,9.8,9.34,26.1,0.47,1,38.04283,-121.909917
377991,12/23/2021,MWTR,SB018S,LFS,108,1,n/a,9.8,9.45,28.9,0.42,1,38.04283,-121.909917
377991,12/23/2021,MWTR,SB018S,LFS,97,1,n/a,9.8,9.45,28.9,0.42,1,38.04283,-121.909917
377991,12/23/2021,MWTR,SB018S,LFS,98,1,n/a,9.8,9.45,28.9,0.42,1,38.04283,-121.909917
378001,12/26/2021,MWTR,SB018M,LFS,115,1,n/a,9,10.12,36.7,0.38,1,38.04598,-121.909917
378002,12/26/2021,MWTR,SB018M,LFS,115,1,n/a,9,9.86,51.1,0.29,1,38.04598,-121.909917
378002,12/26/2021,MWTR,SB018M,LFS,108,1,n/a,9,9.86,51.1,0.29,1,38.04598,-121.909917
378003,12/26/2021,MWTR,SB018M,LFS,85,1,n/a,9.1,9.82,54.9,0.28,1,38.04598,-121.909917
378003,12/26/2021,MWTR,SB018M,LFS,97,1,n/a,9.1,9.82,54.9,0.28,1,38.04598,-121.909917
378004,12/26/2021,MWTR,SB018M,LFS,88,1,n/a,9.2,10.03,57.1,0.32,1,38.04598,-121.909917
378004,12/26/2021,MWTR,SB018M,LFS,100,1,n/a,9.2,10.03,57.1,0.32,1,38.04598,-121.909917
378004,12/26/2021,MWTR,SB018M,LFS,107,1,n/a,9.2,10.03,57.1,0.32,1,38.04598,-121.909917
378004,12/26/2021,MWTR,SB018M,LFS,105,1,n/a,9.2,10.03,57.1,0.32,1,38.04598,-121.909917
378004,12/26/2021,MWTR,SB018M,LFS,105,1,n/a,9.2,10.03,57.1,0.32,1,38.04598,-121.909917
378004,12/26/2021,MWTR,SB018M,LFS,103,1,n/a,9.2,10.03,57.1,0.32,1,38.04598,-121.909917
378004,12/26/2021,MWTR,SB018M,LFS,101,1,n/a,9.2,10.03,57.1,0.32,1,38.04598,-121.909917
378005,12/26/2021,MWTR,SB018S,LFS,96,1,n/a,9.1,9.87,55.3,0.31,1,38.04283,-121.909917
378006,12/26/2021,MWTR,SB018S,LFS,84,1,n/a,9,10.27,41.9,0.33,1,38.04283,-121.909917
378006,12/26/2021,MWTR,SB018S,LFS,76,1,n/a,9,10.27,41.9,0.33,1,38.04283,-121.909917
378008,12/26/2021,MWTR,SB018N,LFS,99,1,n/a,8.9,10.86,69,0.28,1,38.047967,-121.909917
378009,12/26/2021,MWTR,SB018N,LFS,98,1,n/a,8.9,9.98,61.1,0.26,1,38.047967,-121.909917
378009,12/26/2021,MWTR,SB018N,LFS,100,1,n/a,8.9,9.98,61.1,0.26,1,38.047967,-121.909917
378009,12/26/2021,MWTR,SB018N,LFS,110,1,n/a,8.9,9.98,61.1,0.26,1,38.047967,-121.909917
378009,12/26/2021,MWTR,SB018N,LFS,105,1,n/a,8.9,9.98,61.1,0.26,1,38.047967,-121.909917
378009,12/26/2021,MWTR,SB018N,LFS,100,1,n/a,8.9,9.98,61.1,0.26,1,38.047967,-121.909917
378010,12/26/2021,MWTR,SB018N,LFS,100,1,n/a,8.9,10.57,56.5,0.28,1,38.047967,-121.909917
378076,12/27/2021,MWTR,SB018S,LFS,70,1,n/a,8.9,9.61,38.1,0.31,1,38.04283,-121.909917
378076,12/27/2021,MWTR,SB018S,LFS,95,1,n/a,8.9,9.61,38.1,0.31,1,38.04283,-121.909917
378077,12/27/2021,MWTR,SB018S,LFS,102,1,n/a,8.9,9.57,54,0.28,1,38.04283,-121.909917
378078,12/27/2021,MWTR,SB018S,LFS,83,1,n/a,8.9,9.37,63,0.28,1,38.04283,-121.909917
378079,12/27/2021,MWTR,SB018S,LFS,99,1,n/a,8.9,9.88,73.7,0.26,1,38.04283,-121.909917
378081,12/27/2021,MWTR,SB018N,LFS,97,1,n/a,8.8,10.09,158,0.22,1,38.047967,-121.909917
378081,12/27/2021,MWTR,SB018N,LFS,77,1,n/a,8.8,10.09,158,0.22,1,38.047967,-121.909917
378081,12/27/2021,MWTR,SB018N,LFS,103,1,n/a,8.8,10.09,158,0.22,1,38.047967,-121.909917
378083,12/27/2021,MWTR,SB018M,LFS,105,1,n/a,8.9,9.9,116,0.27,1,38.04598,-121.909917
378084,12/27/2021,MWTR,SB018M,LFS,86,1,n/a,8.9,9.96,115,0.22,1,38.04598,-121.909917
378084,12/27/2021,MWTR,SB018M,LFS,101,1,n/a,8.9,9.96,115,0.22,1,38.04598,-121.909917
378084,12/27/2021,MWTR,SB018M,LFS,73,1,n/a,8.9,9.96,115,0.22,1,38.04598,-121.909917
378084,12/27/2021,MWTR,SB018M,LFS,102,1,n/a,8.9,9.96,115,0.22,1,38.04598,-121.909917
378084,12/27/2021,MWTR,SB018M,LFS,110,1,n/a,8.9,9.96,115,0.22,1,38.04598,-121.909917
378084,12/27/2021,MWTR,SB018M,LFS,110,1,n/a,8.9,9.96,115,0.22,1,38.04598,-121.909917
378173,12/28/2021,MWTR,SB018N,LFS,105,1,n/a,8.8,9.96,51.9,0.27,1,38.047967,-121.909917
378176,12/28/2021,MWTR,SB018N,LFS,103,1,n/a,8.7,10.36,69.4,0.26,1,38.047967,-121.909917
378178,12/28/2021,MWTR,SB018S,LFS,67,1,n/a,8.8,9.76,76.5,0.24,1,38.04283,-121.909917
378178,12/28/2021,MWTR,SB018S,LFS,84,1,n/a,8.8,9.76,76.5,0.24,1,38.04283,-121.909917
378178,12/28/2021,MWTR,SB018S,LFS,77,1,n/a,8.8,9.76,76.5,0.24,1,38.04283,-121.909917
378178,12/28/2021,MWTR,SB018S,LFS,95,1,n/a,8.8,9.76,76.5,0.24,1,38.04283,-121.909917
378179,12/28/2021,MWTR,SB018S,LFS,77,1,n/a,8.8,9.99,75.4,0.22,1,38.04283,-121.909917
378179,12/28/2021,MWTR,SB018S,LFS,101,1,n/a,8.8,9.99,75.4,0.22,1,38.04283,-121.909917
378179,12/28/2021,MWTR,SB018S,LFS,90,1,n/a,8.8,9.99,75.4,0.22,1,38.04283,-121.909917
378179,12/28/2021,MWTR,SB018S,LFS,98,1,n/a,8.8,9.99,75.4,0.22,1,38.04283,-121.909917
378179,12/28/2021,MWTR,SB018S,LFS,108,1,n/a,8.8,9.99,75.4,0.22,1,38.04283,-121.909917
378180,12/28/2021,MWTR,SB018S,LFS,80,1,n/a,8.7,10.39,70.9,0.27,1,38.04283,-121.909917
378180,12/28/2021,MWTR,SB018S,LFS,72,1,n/a,8.7,10.39,70.9,0.27,1,38.04283,-121.909917
378180,12/28/2021,MWTR,SB018S,LFS,105,1,n/a,8.7,10.39,70.9,0.27,1,38.04283,-121.909917
378181,12/28/2021,MWTR,SB018M,LFS,104,1,n/a,8.7,9.99,85.9,0.26,1,38.04598,-121.909917
378181,12/28/2021,MWTR,SB018M,LFS,99,1,n/a,8.7,9.99,85.9,0.26,1,38.04598,-121.909917
378182,12/28/2021,MWTR,SB018M,LFS,76,1,n/a,8.6,10.2,89.3,0.24,1,38.04598,-121.909917
378183,12/28/2021,MWTR,SB018M,LFS,100,1,n/a,8.7,9.98,80,0.27,1,38.04598,-121.909917
378346,12/29/2021,MWTR,SB018N,LFS,96,1,n/a,8.9,10.2,55.4,0.27,1,38.047967,-121.909917
378346,12/29/2021,MWTR,SB018N,LFS,119,1,n/a,8.9,10.2,55.4,0.27,1,38.047967,-121.909917
378347,12/29/2021,MWTR,SB018N,LFS,115,1,n/a,8.8,10.75,57.9,0.31,1,38.047967,-121.909917
378363,12/29/2021,MWTR,SB018S,LFS,74,1,L,8.7,10.07,64.2,0.26,1,38.04283,-121.909917
378366,12/29/2021,MWTR,SB018S,LFS,80,1,n/a,8.7,10.92,72.7,0.29,1,38.04283,-121.909917
378366,12/29/2021,MWTR,SB018S,LFS,105,1,n/a,8.7,10.92,72.7,0.29,1,38.04283,-121.909917
378366,12/29/2021,MWTR,SB018S,LFS,94,1,n/a,8.7,10.92,72.7,0.29,1,38.04283,-121.909917
378366,12/29/2021,MWTR,SB018S,LFS,93,1,n/a,8.7,10.92,72.7,0.29,1,38.04283,-121.909917
378358,12/29/2021,MWTR,SB018M,LFS,80,1,n/a,8.8,10.14,70.3,0.28,1,38.04598,-121.909917
378359,12/29/2021,MWTR,SB018M,LFS,103,1,n/a,8.8,10.8,62.3,0.29,1,38.04598,-121.909917
378359,12/29/2021,MWTR,SB018M,LFS,95,1,L,8.8,10.8,62.3,0.29,1,38.04598,-121.909917
378359,12/29/2021,MWTR,SB018M,LFS,105,1,n/a,8.8,10.8,62.3,0.29,1,38.04598,-121.909917
378359,12/29/2021,MWTR,SB018M,LFS,67,1,n/a,8.8,10.8,62.3,0.29,1,38.04598,-121.909917
378359,12/29/2021,MWTR,SB018M,LFS,110,1,n/a,8.8,10.8,62.3,0.29,1,38.04598,-121.909917
378354,12/29/2021,MWTR,SB018N,LFS,104,1,n/a,8.8,9.92,64.1,0.28,1,38.047967,-121.909917
378356,12/29/2021,MWTR,SB018N,LFS,101,1,n/a,8.8,10.28,70.6,0.27,1,38.047967,-121.909917
378356,12/29/2021,MWTR,SB018N,LFS,102,1,n/a,8.8,10.28,70.6,0.27,1,38.047967,-121.909917
378361,12/29/2021,MWTR,SB018M,LFS,78,1,n/a,8.8,10.2,59,0.26,1,38.04598,-121.909917
378361,12/29/2021,MWTR,SB018M,LFS,105,1,n/a,8.8,10.2,59,0.26,1,38.04598,-121.909917
378362,1/2/2022,MWTR,SB018M,LFS,110,1,n/a,8.5,10.21,56.6,0.3,1,38.04598,-121.909917
378362,1/2/2022,MWTR,SB018M,LFS,108,1,n/a,8.5,10.21,56.6,0.3,1,38.04598,-121.909917
378357,1/2/2022,MWTR,SB018M,LFS,96,1,n/a,8.4,11.09,64.8,0.24,1,38.04598,-121.909917
378357,1/2/2022,MWTR,SB018M,LFS,99,1,n/a,8.4,11.09,64.8,0.24,1,38.04598,-121.909917
378360,1/2/2022,MWTR,SB018M,LFS,100,1,n/a,8.5,10.44,63.9,0.27,1,38.04598,-121.909917
378360,1/2/2022,MWTR,SB018M,LFS,100,1,n/a,8.5,10.44,63.9,0.27,1,38.04598,-121.909917
378349,1/2/2022,MWTR,SB018N,LFS,103,1,n/a,8.3,10.42,52.9,0.29,1,38.047967,-121.909917
378349,1/2/2022,MWTR,SB018N,LFS,115,1,n/a,8.3,10.42,52.9,0.29,1,38.047967,-121.909917
378350,1/2/2022,MWTR,SB018N,LFS,113,1,n/a,8.3,10.41,68.4,0.27,1,38.047967,-121.909917
378351,1/2/2022,MWTR,SB018S,LFS,99,1,n/a,8.4,10.11,59.5,0.33,1,38.04283,-121.909917
378351,1/2/2022,MWTR,SB018S,LFS,98,1,n/a,8.4,10.11,59.5,0.33,1,38.04283,-121.909917
378351,1/2/2022,MWTR,SB018S,LFS,75,1,n/a,8.4,10.11,59.5,0.33,1,38.04283,-121.909917
378440,1/3/2022,MWTR,SB018N,LFS,105,1,n/a,8.4,10.51,45.8,0.27,1,38.047967,-121.909917
378440,1/3/2022,MWTR,SB018N,LFS,114,1,n/a,8.4,10.51,45.8,0.27,1,38.047967,-121.909917
378441,1/3/2022,MWTR,SB018N,LFS,112,1,n/a,8.2,10.04,57.5,0.28,1,38.047967,-121.909917
378442,1/3/2022,MWTR,SB018N,LFS,106,1,n/a,8.3,10.09,69.7,0.27,1,38.047967,-121.909917
378444,1/3/2022,MWTR,SB018N,LFS,89,1,n/a,8.2,9.96,66.3,0.26,1,38.047967,-121.909917
378448,1/3/2022,MWTR,SB018S,LFS,77,1,n/a,8.5,9.08,51.5,0.39,1,38.04283,-121.909917
378449,1/3/2022,MWTR,SB018M,LFS,91,1,n/a,8.3,10.18,51.5,0.29,1,38.04598,-121.909917
378449,1/3/2022,MWTR,SB018M,LFS,84,1,n/a,8.3,10.18,51.5,0.29,1,38.04598,-121.909917
378449,1/3/2022,MWTR,SB018M,LFS,85,1,n/a,8.3,10.18,51.5,0.29,1,38.04598,-121.909917
378451,1/3/2022,MWTR,SB018M,LFS,92,1,n/a,8.4,9.88,67,0.28,1,38.04598,-121.909917
378603,1/4/2022,MWTR,SB018N,LFS,99,1,n/a,8.4,9.6,47.5,0.29,1,38.047967,-121.909917
378607,1/4/2022,MWTR,SB018M,LFS,106,1,n/a,8.6,10.32,71.1,0.27,1,38.04598,-121.909917
378608,1/4/2022,MWTR,SB018S,LFS,100,1,n/a,8.5,9.44,64.7,0.28,1,38.04283,-121.909917
378610,1/4/2022,MWTR,SB018S,LFS,98,1,n/a,8.5,9.56,56.7,0.35,1,38.04283,-121.909917
378611,1/4/2022,MWTR,SB018S,LFS,98,1,n/a,8.6,10.02,62.6,0.31,1,38.04283,-121.909917
378612,1/6/2022,MWTR,SB018M,LFS,93,1,n/a,8.7,9.95,54.7,0.3,1,38.04598,-121.909917
378665,1/7/2022,MWTR,SB018M,LFS,70,1,L,8.8,9.36,43.7,0.26,1,38.04598,-121.909917
378689,1/9/2022,MWTR,SB018N,LFS,93,1,n/a,8.7,9.9,51.4,0.26,1,38.047967,-121.909917
378689,1/9/2022,MWTR,SB018N,LFS,74,1,n/a,8.7,9.9,51.4,0.26,1,38.047967,-121.909917
378689,1/9/2022,MWTR,SB018N,LFS,84,1,n/a,8.7,9.9,51.4,0.26,1,38.047967,-121.909917
378689,1/9/2022,MWTR,SB018N,LFS,99,1,n/a,8.7,9.9,51.4,0.26,1,38.047967,-121.909917
378689,1/9/2022,MWTR,SB018N,LFS,101,1,n/a,8.7,9.9,51.4,0.26,1,38.047967,-121.909917
378691,1/9/2022,MWTR,SB018N,LFS,74,1,n/a,8.7,9.21,62.4,0.27,1,38.047967,-121.909917
378693,1/9/2022,MWTR,SB018S,LFS,84,1,n/a,8.8,9.56,62.6,0.26,1,38.04283,-121.909917
378694,1/9/2022,MWTR,SB018S,LFS,70,1,n/a,8.8,9.72,62.4,0.33,1,38.04283,-121.909917
378694,1/9/2022,MWTR,SB018S,LFS,80,1,n/a,8.8,9.72,62.4,0.33,1,38.04283,-121.909917
378701,1/9/2022,MWTR,SB018M,LFS,107,1,n/a,8.9,9,63.3,0.33,1,38.04598,-121.909917
378701,1/9/2022,MWTR,SB018M,LFS,94,1,n/a,8.9,9,63.3,0.33,1,38.04598,-121.909917
378754,1/10/2022,MWTR,SB018N,LFS,74,1,n/a,8.8,9.39,83,0.27,1,38.047967,-121.909917
378755,1/10/2022,MWTR,SB018S,LFS,94,1,n/a,8.8,9.1,73.6,0.32,1,38.04283,-121.909917
378755,1/10/2022,MWTR,SB018S,LFS,78,1,n/a,8.8,9.1,73.6,0.32,1,38.04283,-121.909917
378755,1/10/2022,MWTR,SB018S,LFS,80,1,n/a,8.8,9.1,73.6,0.32,1,38.04283,-121.909917
378755,1/10/2022,MWTR,SB018S,LFS,80,1,n/a,8.8,9.1,73.6,0.32,1,38.04283,-121.909917
378756,1/10/2022,MWTR,SB018S,LFS,80,1,n/a,8.8,9.52,76.3,0.28,1,38.04283,-121.909917
378756,1/10/2022,MWTR,SB018S,LFS,73,1,n/a,8.8,9.52,76.3,0.28,1,38.04283,-121.909917
378757,1/10/2022,MWTR,SB018S,LFS,182,1,n/a,8.9,8.81,64.7,0.28,1,38.04283,-121.909917
378761,1/10/2022,MWTR,SB018M,LFS,134,1,n/a,9.2,9.2,62.3,0.28,1,38.04598,-121.909917
378839,1/11/2022,MWTR,SB018S,LFS,82,1,n/a,8.9,8.95,28,0.38,1,38.04283,-121.909917
378844,1/11/2022,MWTR,SB018M,LFS,72,1,n/a,9.5,9.49,41.9,0.28,1,38.04598,-121.909917
378844,1/11/2022,MWTR,SB018M,LFS,108,1,n/a,9.5,9.49,41.9,0.28,1,38.04598,-121.909917
378845,1/11/2022,MWTR,SB018N,LFS,112,1,n/a,9.4,9,43.8,0.31,1,38.047967,-121.909917
378845,1/11/2022,MWTR,SB018N,LFS,103,1,n/a,9.4,9,43.8,0.31,1,38.047967,-121.909917
378846,1/11/2022,MWTR,SB018N,LFS,131,1,n/a,9.1,9.23,40.6,0.33,1,38.047967,-121.909917
378979,1/13/2022,MWTR,SB018M,LFS,74,1,n/a,9.4,9.41,28.5,0.41,1,38.04598,-121.909917
378993,1/14/2022,MWTR,SB018M,LFS,84,1,n/a,9.3,9.73,19.9,0.52,1,38.04598,-121.909917
379047,1/16/2022,MWTR,SB018S,LFS,80,1,n/a,9.5,10.13,30.6,0.46,1,38.04283,-121.909917
379063,1/16/2022,MWTR,SB018N,LFS,82,1,n/a,9.7,9.69,37.8,0.43,1,38.047967,-121.909917
379063,1/16/2022,MWTR,SB018N,LFS,78,1,n/a,9.7,9.69,37.8,0.43,1,38.047967,-121.909917
379065,1/16/2022,MWTR,SB018N,LFS,101,1,n/a,9.7,9.07,48.9,0.38,1,38.047967,-121.909917
379125,1/18/2022,MWTR,SB018S,LFS,105,1,n/a,9.7,9.89,23,0.51,1,38.04283,-121.909917
379165,1/23/2022,MWTR,SB018M,LFS,97,1,n/a,10,10.37,45.5,0.29,1,38.04598,-121.909917
379167,1/23/2022,MWTR,SB018N,LFS,77,1,n/a,10,10.75,49.8,0.35,1,38.047967,-121.909917
379352,1/24/2022,MWTR,SB018S,LFS,82,1,n/a,9.9,9.51,56.2,0.28,1,38.04283,-121.909917
379354,1/24/2022,MWTR,SB018S,LFS,99,1,n/a,9.9,9.38,61.5,0.28,1,38.04283,-121.909917
379356,1/24/2022,MWTR,SB018N,LFS,114,1,n/a,10,10.15,60,0.26,1,38.047967,-121.909917
379359,1/24/2022,MWTR,SB018M,LFS,116,1,n/a,10.1,9.6,40.4,0.29,1,38.04598,-121.909917
379484,1/25/2022,MWTR,SB018N,LFS,80,1,n/a,10,9.51,38.8,0.26,1,38.047967,-121.909917
379484,1/25/2022,MWTR,SB018N,LFS,115,1,n/a,10,9.51,38.8,0.26,1,38.047967,-121.909917
379484,1/25/2022,MWTR,SB018N,LFS,80,1,n/a,10,9.51,38.8,0.26,1,38.047967,-121.909917
379484,1/25/2022,MWTR,SB018N,LFS,77,1,n/a,10,9.51,38.8,0.26,1,38.047967,-121.909917
379485,1/25/2022,MWTR,SB018N,LFS,75,1,n/a,10.1,9.3,54.5,0.28,1,38.047967,-121.909917
379485,1/25/2022,MWTR,SB018N,LFS,105,1,n/a,10.1,9.3,54.5,0.28,1,38.047967,-121.909917
379486,1/25/2022,MWTR,SB018N,LFS,81,1,n/a,10.1,9.13,54.8,0.31,1,38.047967,-121.909917
379486,1/25/2022,MWTR,SB018N,LFS,82,1,n/a,10.1,9.13,54.8,0.31,1,38.047967,-121.909917
379486,1/25/2022,MWTR,SB018N,LFS,76,1,n/a,10.1,9.13,54.8,0.31,1,38.047967,-121.909917
379487,1/25/2022,MWTR,SB018M,LFS,85,1,n/a,10.1,9.4,53.6,0.28,1,38.04598,-121.909917
379488,1/25/2022,MWTR,SB018M,LFS,90,1,n/a,10.2,9.6,51.1,0.31,1,38.04598,-121.909917
379488,1/25/2022,MWTR,SB018M,LFS,70,1,n/a,10.2,9.6,51.1,0.31,1,38.04598,-121.909917
379489,1/25/2022,MWTR,SB018M,LFS,105,1,n/a,10.3,9.52,41.7,0.4,1,38.04598,-121.909917
379491,1/25/2022,MWTR,SB018S,LFS,82,1,n/a,10.2,9.78,33.1,0.34,1,38.04283,-121.909917
379493,1/25/2022,MWTR,SB018S,LFS,79,1,n/a,10.2,9.33,36.5,0.35,1,38.04283,-121.909917
379493,1/25/2022,MWTR,SB018S,LFS,90,1,n/a,10.2,9.33,36.5,0.35,1,38.04283,-121.909917
379734,1/27/2022,MWTR,SB018M,LFS,101,1,n/a,10,9.67,22.9,0.45,1,38.04598,-121.909917
379735,1/27/2022,MWTR,SB018M,LFS,63,1,n/a,10.1,8.84,27.1,0.37,1,38.04598,-121.909917
379736,1/27/2022,MWTR,SB018S,LFS,75,1,n/a,10.2,9.24,33.9,0.38,1,38.04283,-121.909917
379736,1/27/2022,MWTR,SB018S,LFS,89,1,n/a,10.2,9.24,33.9,0.38,1,38.04283,-121.909917
379736,1/27/2022,MWTR,SB018S,LFS,85,1,n/a,10.2,9.24,33.9,0.38,1,38.04283,-121.909917
380022,2/3/2022,MWTR,SB018N,LFS,81,1,n/a,9.8,9.96,40,0.51,1,38.047967,-121.909917
380023,2/3/2022,MWTR,SB018N,LFS,82,1,n/a,10,9.78,41.2,0.45,1,38.047967,-121.909917
380023,2/3/2022,MWTR,SB018N,LFS,83,1,n/a,10,9.78,41.2,0.45,1,38.047967,-121.909917
380023,2/3/2022,MWTR,SB018N,LFS,79,1,n/a,10,9.78,41.2,0.45,1,38.047967,-121.909917
380026,2/3/2022,MWTR,SB018S,LFS,73,1,n/a,9.9,10.14,47.1,0.51,1,38.04283,-121.909917
380029,2/3/2022,MWTR,SB018M,LFS,88,1,n/a,10.1,10.21,40.6,0.56,1,38.04598,-121.909917
380029,2/3/2022,MWTR,SB018M,LFS,82,1,n/a,10.1,10.21,40.6,0.56,1,38.04598,-121.909917
380058,2/4/2022,MWTR,SB018S,LFS,75,1,n/a,9.8,9.76,37,0.41,1,38.04283,-121.909917
380058,2/4/2022,MWTR,SB018S,LFS,87,1,n/a,9.8,9.76,37,0.41,1,38.04283,-121.909917
380062,2/4/2022,MWTR,SB018N,LFS,79,1,n/a,9.8,10.24,31.3,0.4,1,38.047967,-121.909917
380064,2/4/2022,MWTR,SB018N,LFS,70,1,n/a,9.9,9.75,46,0.4,1,38.047967,-121.909917
380064,2/4/2022,MWTR,SB018N,LFS,88,1,n/a,9.9,9.75,46,0.4,1,38.047967,-121.909917
380066,2/4/2022,MWTR,SB018N,LFS,88,1,n/a,9.8,9.52,48.9,0.32,1,38.047967,-121.909917
380069,2/4/2022,MWTR,SB018M,LFS,84,1,n/a,9.8,9.7,56.8,0.32,1,38.04598,-121.909917
380069,2/4/2022,MWTR,SB018M,LFS,90,1,n/a,9.8,9.7,56.8,0.32,1,38.04598,-121.909917
380069,2/4/2022,MWTR,SB018M,LFS,82,1,n/a,9.8,9.7,56.8,0.32,1,38.04598,-121.909917
380072,2/4/2022,MWTR,SB018M,LFS,68,1,n/a,9.8,10.03,56.9,0.34,1,38.04598,-121.909917
380072,2/4/2022,MWTR,SB018M,LFS,72,1,n/a,9.8,10.03,56.9,0.34,1,38.04598,-121.909917
380179,2/7/2022,MWTR,SB018S,LFS,80,1,L,10,9.94,36.8,0.37,1,38.04283,-121.909917
380188,2/7/2022,MWTR,SB018M,LFS,75,1,n/a,10.4,9.82,33.5,0.37,1,38.04598,-121.909917
380192,2/8/2022,MWTR,SB018M,LFS,122,1,n/a,10.4,9.55,35,0.35,1,38.04598,-121.909917
380192,2/8/2022,MWTR,SB018M,LFS,82,1,n/a,10.4,9.55,35,0.35,1,38.04598,-121.909917
380193,2/8/2022,MWTR,SB018N,LFS,85,1,n/a,10.5,9.85,36.2,0.41,1,38.047967,-121.909917
380193,2/8/2022,MWTR,SB018N,LFS,89,1,n/a,10.5,9.85,36.2,0.41,1,38.047967,-121.909917
380541,2/14/2022,MWTR,SB018M,LFS,80,1,L,11.5,9.18,23.7,0.58,1,38.04598,-121.909917
380545,2/14/2022,MWTR,SB018N,LFS,75,1,n/a,11.6,9.48,44.5,0.37,1,38.047967,-121.909917
380546,2/14/2022,MWTR,SB018N,LFS,76,1,n/a,11.6,9.06,45.3,0.41,1,38.047967,-121.909917
380546,2/14/2022,MWTR,SB018N,LFS,65,1,n/a,11.6,9.06,45.3,0.41,1,38.047967,-121.909917
380546,2/14/2022,MWTR,SB018N,LFS,80,1,n/a,11.6,9.06,45.3,0.41,1,38.047967,-121.909917
380547,2/14/2022,MWTR,SB018N,LFS,75,1,n/a,11.7,9.55,111,0.2,1,38.047967,-121.909917
380715,2/17/2022,MWTR,SB018N,LFS,83,1,n/a,11.4,10.12,34.1,0.4,1,38.047967,-121.909917
380725,2/18/2022,MWTR,SB018N,LFS,78,1,n/a,11.4,9.19,31.6,0.5,1,38.047967,-121.909917
380725,2/18/2022,MWTR,SB018N,LFS,73,1,n/a,11.4,9.19,31.6,0.5,1,38.047967,-121.909917
380731,2/18/2022,MWTR,SB018M,LFS,74,1,n/a,11.5,9.6,42.3,0.45,1,38.04598,-121.909917
380732,2/18/2022,MWTR,SB018M,LFS,85,1,n/a,11.5,9.2,39.9,0.42,1,38.04598,-121.909917
380998,2/22/2022,MWTR,SB018M,LFS,75,1,n/a,11.2,9.84,44.3,0.39,1,38.04598,-121.909917
381005,2/22/2022,MWTR,SB018S,LFS,90,1,n/a,11.5,9.81,43.9,0.36,1,38.04283,-121.909917
381007,2/22/2022,MWTR,SB018N,LFS,99,1,n/a,11.4,9.95,70.7,0.27,1,38.047967,-121.909917
381008,2/22/2022,MWTR,SB018N,LFS,74,1,n/a,11.6,9.8,51,0.28,1,38.047967,-121.909917
381009,2/22/2022,MWTR,SB018N,LFS,78,1,n/a,11.5,9.93,81.1,0.28,2,38.047967,-121.909917
381009,2/22/2022,MWTR,SB018N,LFS,80,1,n/a,11.5,9.93,81.1,0.28,2,38.047967,-121.909917
381105,2/24/2022,MWTR,SB018N,LFS,91,1,n/a,10.8,9.95,25.2,0.35,1,38.047967,-121.909917
381107,2/25/2022,MWTR,SB018N,LFS,78,1,n/a,10.8,9.7,37.1,0.3,1,38.047967,-121.909917
381125,2/25/2022,MWTR,SB018N,LFS,85,1,n/a,10.8,9.04,41.1,0.29,1,38.047967,-121.909917
381362,3/1/2022,MWTR,SB018M,LFS,117,1,FCCL,11.9,10.81,19.5,0.53,1,38.04598,-121.909917
381553,3/6/2022,MWTR,SB018N,LFS,85,1,n/a,12,10.44,51.6,0.37,1,38.047967,-121.909917
381568,3/6/2022,MWTR,SB018S,LFS,80,1,n/a,12.1,10.76,42,0.28,1,38.04283,-121.909917
381671,3/8/2022,MWTR,SB018N,LFS,84,1,n/a,12.1,10.02,37.9,0.33,1,38.047967,-121.909917
381674,3/8/2022,MWTR,SB018M,LFS,75,1,n/a,12.3,9.84,27.3,0.39,1,38.04598,-121.909917
382177,3/14/2022,MWTR,SB018N,LFS,72,1,n/a,13.4,10.16,42.3,0.33,1,38.047967,-121.909917
382177,3/14/2022,MWTR,SB018N,LFS,77,1,n/a,13.4,10.16,42.3,0.33,1,38.047967,-121.909917
382229,3/18/2022,MWTR,SB018N,LFS,68,1,n/a,13.9,9.57,33.3,0.34,1,38.047967,-121.909917
382229,3/18/2022,MWTR,SB018N,LFS,77,1,n/a,13.9,9.57,33.3,0.34,1,38.047967,-121.909917
382229,3/18/2022,MWTR,SB018N,LFS,77,1,n/a,13.9,9.57,33.3,0.34,1,38.047967,-121.909917
382229,3/18/2022,MWTR,SB018N,LFS,66,1,n/a,13.9,9.57,33.3,0.34,1,38.047967,-121.909917
382231,3/18/2022,MWTR,SB018N,LFS,70,1,n/a,13.9,9.71,36.9,0.4,1,38.047967,-121.909917
382234,3/18/2022,MWTR,SB018N,LFS,89,1,n/a,13.9,9.51,59,0.34,1,38.047967,-121.909917
382234,3/18/2022,MWTR,SB018N,LFS,84,1,n/a,13.9,9.51,59,0.34,1,38.047967,-121.909917
382210,3/20/2022,MWTR,SB018N,LFS,80,1,n/a,13.6,10.3,31.3,0.41,1,38.047967,-121.909917
382222,3/20/2022,MWTR,SB018M,LFS,81,1,n/a,14,10.4,71.9,0.29,1,38.04598,-121.909917
382362,3/21/2022,MWTR,SB018M,LFS,78,1,n/a,13.9,9.71,48.9,0.34,1,38.04598,-121.909917
382362,3/21/2022,MWTR,SB018M,LFS,84,1,n/a,13.9,9.71,48.9,0.34,1,38.04598,-121.909917
382363,3/21/2022,MWTR,SB018M,LFS,86,1,n/a,14,10.2,61.1,0.34,1,38.04598,-121.909917
382363,3/21/2022,MWTR,SB018M,LFS,79,1,n/a,14,10.2,61.1,0.34,1,38.04598,-121.909917
382363,3/21/2022,MWTR,SB018M,LFS,78,1,n/a,14,10.2,61.1,0.34,1,38.04598,-121.909917
382363,3/21/2022,MWTR,SB018M,LFS,77,1,n/a,14,10.2,61.1,0.34,1,38.04598,-121.909917
382365,3/21/2022,MWTR,SB018N,LFS,84,1,n/a,14,10.21,79.4,0.27,1,38.047967,-121.909917
382367,3/21/2022,MWTR,SB018N,LFS,84,1,n/a,14,9.55,93.8,0.23,1,38.047967,-121.909917
382450,3/23/2022,MWTR,SB018N,LFS,78,1,n/a,14.8,9.55,46.1,0.4,1,38.047967,-121.909917
382451,3/23/2022,MWTR,SB018N,LFS,85,1,n/a,14.9,8.97,38.7,0.4,1,38.047967,-121.909917
382452,3/23/2022,MWTR,SB018M,LFS,90,1,n/a,14.9,9.53,38.4,0.4,1,38.04598,-121.909917
382457,3/23/2022,MWTR,SB018S,LFS,82,1,n/a,15,9.49,43,0.4,1,38.04283,-121.909917
382551,3/25/2022,MWTR,SB018N,LFS,89,1,n/a,15.2,8.72,44.5,0.46,1,38.047967,-121.909917
382551,3/25/2022,MWTR,SB018N,LFS,92,1,n/a,15.2,8.72,44.5,0.46,1,38.047967,-121.909917
382552,3/25/2022,MWTR,SB018N,LFS,78,1,n/a,15.2,9.91,52.1,0.42,1,38.047967,-121.909917
382854,3/31/2022,MWTR,SB018M,LFS,89,1,n/a,15.6,5.06,58,0.3,1,38.04598,-121.909917
382854,3/31/2022,MWTR,SB018M,LFS,85,1,L,15.6,5.06,58,0.3,1,38.04598,-121.909917
382854,3/31/2022,MWTR,SB018M,LFS,85,1,n/a,15.6,5.06,58,0.3,1,38.04598,-121.909917
382862,4/1/2022,MWTR,SB018N,LFS,84,1,n/a,15.6,9.51,50.5,0.22,1,38.047967,-121.909917
382862,4/1/2022,MWTR,SB018N,LFS,84,1,n/a,15.6,9.51,50.5,0.22,1,38.047967,-121.909917
382862,4/1/2022,MWTR,SB018N,LFS,92,1,n/a,15.6,9.51,50.5,0.22,1,38.047967,-121.909917
382862,4/1/2022,MWTR,SB018N,LFS,85,1,n/a,15.6,9.51,50.5,0.22,1,38.047967,-121.909917
382862,4/1/2022,MWTR,SB018N,LFS,81,1,n/a,15.6,9.51,50.5,0.22,1,38.047967,-121.909917
382863,4/1/2022,MWTR,SB018N,LFS,92,1,n/a,15.6,9.52,84.5,0.26,1,38.047967,-121.909917
382863,4/1/2022,MWTR,SB018N,LFS,73,1,n/a,15.6,9.52,84.5,0.26,1,38.047967,-121.909917
382863,4/1/2022,MWTR,SB018N,LFS,87,1,n/a,15.6,9.52,84.5,0.26,1,38.047967,-121.909917
382864,4/1/2022,MWTR,SB018M,LFS,82,1,n/a,15.8,9.66,79.1,0.27,1,38.04598,-121.909917
382924,4/3/2022,MWTR,SB018N,LFS,82,1,n/a,15.8,9.08,44.1,0.31,1,38.047967,-121.909917
382924,4/3/2022,MWTR,SB018N,LFS,80,1,L,15.8,9.08,44.1,0.31,1,38.047967,-121.909917
382925,4/3/2022,MWTR,SB018N,LFS,65,1,n/a,16,8.98,45.7,0.32,1,38.047967,-121.909917
382925,4/3/2022,MWTR,SB018N,LFS,78,1,n/a,16,8.98,45.7,0.32,1,38.047967,-121.909917
382926,4/3/2022,MWTR,SB018N,LFS,85,1,n/a,15.9,8.84,62.6,0.26,1,38.047967,-121.909917
382926,4/3/2022,MWTR,SB018N,LFS,75,1,n/a,15.9,8.84,62.6,0.26,1,38.047967,-121.909917
382926,4/3/2022,MWTR,SB018N,LFS,70,1,n/a,15.9,8.84,62.6,0.26,1,38.047967,-121.909917
382978,4/4/2022,MWTR,SB018N,LFS,88,1,n/a,16.1,9.41,37,0.22,1,38.047967,-121.909917
383002,4/5/2022,MWTR,SB018N,LFS,71,1,n/a,16.1,9.04,48.5,0.29,1,38.047967,-121.909917
383002,4/5/2022,MWTR,SB018N,LFS,85,1,n/a,16.1,9.04,48.5,0.29,1,38.047967,-121.909917
383002,4/5/2022,MWTR,SB018N,LFS,85,1,n/a,16.1,9.04,48.5,0.29,1,38.047967,-121.909917
383002,4/5/2022,MWTR,SB018N,LFS,82,1,n/a,16.1,9.04,48.5,0.29,1,38.047967,-121.909917
383003,4/5/2022,MWTR,SB018N,LFS,80,1,n/a,16,9.12,38.4,0.37,1,38.047967,-121.909917
383003,4/5/2022,MWTR,SB018N,LFS,77,1,n/a,16,9.12,38.4,0.37,1,38.047967,-121.909917
383003,4/5/2022,MWTR,SB018N,LFS,80,1,n/a,16,9.12,38.4,0.37,1,38.047967,-121.909917
383003,4/5/2022,MWTR,SB018N,LFS,93,1,n/a,16,9.12,38.4,0.37,1,38.047967,-121.909917
383003,4/5/2022,MWTR,SB018N,LFS,76,1,n/a,16,9.12,38.4,0.37,1,38.047967,-121.909917
383003,4/5/2022,MWTR,SB018N,LFS,92,1,n/a,16,9.12,38.4,0.37,1,38.047967,-121.909917
383004,4/5/2022,MWTR,SB018N,LFS,80,1,n/a,16.1,9.14,90.1,0.19,1,38.047967,-121.909917
383004,4/5/2022,MWTR,SB018N,LFS,89,1,n/a,16.1,9.14,90.1,0.19,1,38.047967,-121.909917
383004,4/5/2022,MWTR,SB018N,LFS,85,1,n/a,16.1,9.14,90.1,0.19,1,38.047967,-121.909917
383004,4/5/2022,MWTR,SB018N,LFS,71,1,n/a,16.1,9.14,90.1,0.19,1,38.047967,-121.909917
383004,4/5/2022,MWTR,SB018N,LFS,94,1,n/a,16.1,9.14,90.1,0.19,1,38.047967,-121.909917
383004,4/5/2022,MWTR,SB018N,LFS,74,1,n/a,16.1,9.14,90.1,0.19,1,38.047967,-121.909917
383004,4/5/2022,MWTR,SB018N,LFS,86,1,n/a,16.1,9.14,90.1,0.19,1,38.047967,-121.909917
383004,4/5/2022,MWTR,SB018N,LFS,73,1,n/a,16.1,9.14,90.1,0.19,1,38.047967,-121.909917
383004,4/5/2022,MWTR,SB018N,LFS,78,1,n/a,16.1,9.14,90.1,0.19,1,38.047967,-121.909917
383004,4/5/2022,MWTR,SB018N,LFS,85,1,n/a,16.1,9.14,90.1,0.19,1,38.047967,-121.909917
383004,4/5/2022,MWTR,SB018N,LFS,83,1,n/a,16.1,9.14,90.1,0.19,1,38.047967,-121.909917
383004,4/5/2022,MWTR,SB018N,LFS,85,1,n/a,16.1,9.14,90.1,0.19,1,38.047967,-121.909917
383004,4/5/2022,MWTR,SB018N,LFS,101,1,n/a,16.1,9.14,90.1,0.19,1,38.047967,-121.909917
383004,4/5/2022,MWTR,SB018N,LFS,85,1,n/a,16.1,9.14,90.1,0.19,1,38.047967,-121.909917
383004,4/5/2022,MWTR,SB018N,LFS,86,1,n/a,16.1,9.14,90.1,0.19,1,38.047967,-121.909917
383004,4/5/2022,MWTR,SB018N,LFS,83,1,n/a,16.1,9.14,90.1,0.19,1,38.047967,-121.909917
383004,4/5/2022,MWTR,SB018N,LFS,81,1,n/a,16.1,9.14,90.1,0.19,1,38.047967,-121.909917
383004,4/5/2022,MWTR,SB018N,LFS,83,1,n/a,16.1,9.14,90.1,0.19,1,38.047967,-121.909917
383004,4/5/2022,MWTR,SB018N,LFS,73,1,n/a,16.1,9.14,90.1,0.19,1,38.047967,-121.909917
383004,4/5/2022,MWTR,SB018N,LFS,88,1,n/a,16.1,9.14,90.1,0.19,1,38.047967,-121.909917
383004,4/5/2022,MWTR,SB018N,LFS,88,1,n/a,16.1,9.14,90.1,0.19,1,38.047967,-121.909917
383004,4/5/2022,MWTR,SB018N,LFS,82,1,L,16.1,9.14,90.1,0.19,1,38.047967,-121.909917
383004,4/5/2022,MWTR,SB018N,LFS,76,1,n/a,16.1,9.14,90.1,0.19,1,38.047967,-121.909917
383044,4/7/2022,MWTR,SB018S,LFS,93,1,n/a,16.9,9.48,37.8,0.38,1,38.04283,-121.909917
383107,4/11/2022,MWTR,SB018M,LFS,97,1,n/a,16.7,8.88,39.3,0.57,1,38.04598,-121.909917
383165,4/14/2022,MWTR,SB018N,LFS,100,1,n/a,15.3,9.3,52.8,0.28,1,38.047967,-121.909917
383166,4/14/2022,MWTR,SB018N,LFS,83,1,n/a,15.1,9.04,54.2,0.29,1,38.047967,-121.909917
383171,4/14/2022,MWTR,SB018M,LFS,84,1,n/a,15.3,8.95,49.4,0.32,1,38.04598,-121.909917
383224,4/15/2022,MWTR,SB018N,LFS,94,1,n/a,15.1,9.16,32.6,0.28,1,38.047967,-121.909917
383224,4/15/2022,MWTR,SB018N,LFS,94,1,n/a,15.1,9.16,32.6,0.28,1,38.047967,-121.909917
383224,4/15/2022,MWTR,SB018N,LFS,91,1,n/a,15.1,9.16,32.6,0.28,1,38.047967,-121.909917
383224,4/15/2022,MWTR,SB018N,LFS,86,1,n/a,15.1,9.16,32.6,0.28,1,38.047967,-121.909917
383225,4/15/2022,MWTR,SB018N,LFS,91,1,n/a,15,8.81,45.6,0.37,1,38.047967,-121.909917
383225,4/15/2022,MWTR,SB018N,LFS,91,1,n/a,15,8.81,45.6,0.37,1,38.047967,-121.909917
383225,4/15/2022,MWTR,SB018N,LFS,79,1,n/a,15,8.81,45.6,0.37,1,38.047967,-121.909917
383225,4/15/2022,MWTR,SB018N,LFS,95,1,n/a,15,8.81,45.6,0.37,1,38.047967,-121.909917
383225,4/15/2022,MWTR,SB018N,LFS,86,1,L,15,8.81,45.6,0.37,1,38.047967,-121.909917
383225,4/15/2022,MWTR,SB018N,LFS,96,1,n/a,15,8.81,45.6,0.37,1,38.047967,-121.909917
383225,4/15/2022,MWTR,SB018N,LFS,86,1,n/a,15,8.81,45.6,0.37,1,38.047967,-121.909917
383225,4/15/2022,MWTR,SB018N,LFS,92,1,n/a,15,8.81,45.6,0.37,1,38.047967,-121.909917
383228,4/15/2022,MWTR,SB018S,LFS,26,1,L,15.3,8.87,40.7,0.27,1,38.04283,-121.909917
383228,4/15/2022,MWTR,SB018S,LFS,26,1,L,15.3,8.87,40.7,0.27,1,38.04283,-121.909917
383228,4/15/2022,MWTR,SB018S,LFS,31,1,L,15.3,8.87,40.7,0.27,1,38.04283,-121.909917
383228,4/15/2022,MWTR,SB018S,LFS,42,1,L,15.3,8.87,40.7,0.27,1,38.04283,-121.909917
383211,4/17/2022,MWTR,SB018N,LFS,85,1,n/a,15.2,8.97,36.9,0.41,1,38.047967,-121.909917
383212,4/17/2022,MWTR,SB018N,LFS,94,1,n/a,15.2,8.73,65.3,0.24,1,38.047967,-121.909917
383212,4/17/2022,MWTR,SB018N,LFS,85,1,n/a,15.2,8.73,65.3,0.24,1,38.047967,-121.909917
383277,4/18/2022,MWTR,SB018N,LFS,97,1,n/a,15.1,8.87,31.1,0.34,1,38.047967,-121.909917
383278,4/18/2022,MWTR,SB018N,LFS,74,1,n/a,15.2,8.76,40.9,0.3,1,38.047967,-121.909917
383278,4/18/2022,MWTR,SB018N,LFS,87,1,n/a,15.2,8.76,40.9,0.3,1,38.047967,-121.909917
383279,4/18/2022,MWTR,SB018N,LFS,85,1,n/a,15.2,8.84,59.1,0.26,1,38.047967,-121.909917
383279,4/18/2022,MWTR,SB018N,LFS,90,1,n/a,15.2,8.84,59.1,0.26,1,38.047967,-121.909917
383279,4/18/2022,MWTR,SB018N,LFS,82,1,n/a,15.2,8.84,59.1,0.26,1,38.047967,-121.909917
383282,4/18/2022,MWTR,SB018M,LFS,87,1,n/a,15.4,8.78,58.2,0.29,1,38.04598,-121.909917
383282,4/18/2022,MWTR,SB018M,LFS,85,1,n/a,15.4,8.78,58.2,0.29,1,38.04598,-121.909917
383283,4/18/2022,MWTR,SB018M,LFS,31,1,n/a,15.4,8.97,80.6,0.21,1,38.04598,-121.909917
383283,4/18/2022,MWTR,SB018M,LFS,32,1,n/a,15.4,8.97,80.6,0.21,1,38.04598,-121.909917
383307,4/19/2022,MWTR,SB018M,LFS,93,1,n/a,15.4,9.41,22,0.49,1,38.04598,-121.909917
383309,4/19/2022,MWTR,SB018M,LFS,80,1,n/a,15.5,9.06,21.4,0.41,1,38.04598,-121.909917
383311,4/19/2022,MWTR,SB018M,LFS,65,1,n/a,15.5,9.32,32.3,0.37,1,38.04598,-121.909917
383312,4/19/2022,MWTR,SB018N,LFS,110,1,n/a,15.5,9.28,51.5,0.33,1,38.047967,-121.909917
383312,4/19/2022,MWTR,SB018N,LFS,88,1,n/a,15.5,9.28,51.5,0.33,1,38.047967,-121.909917
383317,4/19/2022,MWTR,SB018N,LFS,96,1,n/a,15.5,9.32,57.1,0.26,1,38.047967,-121.909917
383317,4/19/2022,MWTR,SB018N,LFS,85,1,n/a,15.5,9.32,57.1,0.26,1,38.047967,-121.909917
383323,4/19/2022,MWTR,SB018N,LFS,91,1,n/a,15.5,9.28,66.2,0.23,1,38.047967,-121.909917
383323,4/19/2022,MWTR,SB018N,LFS,77,1,n/a,15.5,9.28,66.2,0.23,1,38.047967,-121.909917
383433,4/21/2022,MWTR,SB018N,LFS,72,1,n/a,16.2,8.89,60.7,0.24,1,38.047967,-121.909917
383433,4/21/2022,MWTR,SB018N,LFS,88,1,n/a,16.2,8.89,60.7,0.24,1,38.047967,-121.909917
383434,4/21/2022,MWTR,SB018N,LFS,80,1,n/a,16.2,8.86,82.3,0.21,1,38.047967,-121.909917
383435,4/21/2022,MWTR,SB018N,LFS,70,1,n/a,16.1,8.81,95.3,0.22,1,38.047967,-121.909917
383519,4/22/2022,MWTR,SB018M,LFS,76,1,n/a,16.2,8.68,26.9,0.44,1,38.04598,-121.909917
383505,4/24/2022,MWTR,SB018N,LFS,103,1,n/a,16.7,8.38,31.3,0.33,1,38.047967,-121.909917
383586,4/26/2022,MWTR,SB018N,LFS,76,1,n/a,16.4,8.96,73.4,0.26,1,38.047967,-121.909917
383586,4/26/2022,MWTR,SB018N,LFS,90,1,n/a,16.4,8.96,73.4,0.26,1,38.047967,-121.909917
383587,4/26/2022,MWTR,SB018N,LFS,80,1,n/a,16.6,8.57,70.5,0.22,1,38.047967,-121.909917
383587,4/26/2022,MWTR,SB018N,LFS,78,1,n/a,16.6,8.57,70.5,0.22,1,38.047967,-121.909917
383587,4/26/2022,MWTR,SB018N,LFS,90,1,n/a,16.6,8.57,70.5,0.22,1,38.047967,-121.909917
383587,4/26/2022,MWTR,SB018N,LFS,95,1,n/a,16.6,8.57,70.5,0.22,1,38.047967,-121.909917
383587,4/26/2022,MWTR,SB018N,LFS,85,1,n/a,16.6,8.57,70.5,0.22,1,38.047967,-121.909917
383588,4/26/2022,MWTR,SB018N,LFS,90,1,n/a,16.7,8.66,64,0.27,1,38.047967,-121.909917
383588,4/26/2022,MWTR,SB018N,LFS,85,1,n/a,16.7,8.66,64,0.27,1,38.047967,-121.909917
383588,4/26/2022,MWTR,SB018N,LFS,83,1,n/a,16.7,8.66,64,0.27,1,38.047967,-121.909917
383588,4/26/2022,MWTR,SB018N,LFS,71,1,n/a,16.7,8.66,64,0.27,1,38.047967,-121.909917
383683,4/29/2022,MWTR,SB018N,LFS,33,1,L,16.3,8.95,78.6,0.21,1,38.047967,-121.909917
383771,5/1/2022,MWTR,SB018N,LFS,87,1,n/a,16.5,8.7,67.5,0.21,1,38.047967,-121.909917
383781,5/1/2022,MWTR,SB018N,LFS,108,1,n/a,16.5,8.63,92.6,0.25,1,38.047967,-121.909917
383781,5/1/2022,MWTR,SB018N,LFS,99,1,n/a,16.5,8.63,92.6,0.25,1,38.047967,-121.909917
383822,5/5/2022,MWTR,SB018N,LFS,98,1,n/a,17.5,9.43,41,0.49,1,38.047967,-121.909917
383823,5/5/2022,MWTR,SB018N,LFS,81,1,n/a,17.5,9.36,44.1,0.31,1,38.047967,-121.909917
384043,5/11/2022,MWTR,SB018N,LFS,73,1,n/a,16.2,8.63,48.4,0.31,1,38.047967,-121.909917
385218,5/17/2022,MWTR,SB018M,LFS,36,1,n/a,17.6,7.71,90.4,0.29,1,38.04598,-121.909917
385220,5/17/2022,MWTR,SB018N,LFS,30,1,n/a,17.6,7.99,120,0.29,1,38.047967,-121.909917
385221,5/17/2022,MWTR,SB018N,LFS,34,1,L,17.6,8.02,74.6,0.31,1,38.047967,-121.909917
385221,5/17/2022,MWTR,SB018N,LFS,34,1,n/a,17.6,8.02,74.6,0.31,1,38.047967,-121.909917
385221,5/17/2022,MWTR,SB018N,LFS,35,1,n/a,17.6,8.02,74.6,0.31,1,38.047967,-121.909917
385221,5/17/2022,MWTR,SB018N,LFS,34,1,n/a,17.6,8.02,74.6,0.31,1,38.047967,-121.909917
385221,5/17/2022,MWTR,SB018N,LFS,33,1,n/a,17.6,8.02,74.6,0.31,1,38.047967,-121.909917
385222,5/17/2022,MWTR,SB018N,LFS,28,1,n/a,17.6,7.78,62.2,0.3,1,38.047967,-121.909917
385222,5/17/2022,MWTR,SB018N,LFS,39,1,n/a,17.6,7.78,62.2,0.3,1,38.047967,-121.909917
385252,5/18/2022,MWTR,SB018M,LFS,34,1,L,17.9,8.07,77.3,0.3,1,38.04598,-121.909917
385252,5/18/2022,MWTR,SB018M,LFS,32,1,L,17.9,8.07,77.3,0.3,1,38.04598,-121.909917
385252,5/18/2022,MWTR,SB018M,LFS,32,1,L,17.9,8.07,77.3,0.3,1,38.04598,-121.909917
385253,5/18/2022,MWTR,SB018N,LFS,36,1,L,17.9,8.38,90.9,0.3,1,38.047967,-121.909917
385254,5/18/2022,MWTR,SB018N,LFS,32,1,L,17.9,8.1,68.5,0.29,1,38.047967,-121.909917
385254,5/18/2022,MWTR,SB018N,LFS,35,1,L,17.9,8.1,68.5,0.29,1,38.047967,-121.909917
385254,5/18/2022,MWTR,SB018N,LFS,36,1,L,17.9,8.1,68.5,0.29,1,38.047967,-121.909917
385254,5/18/2022,MWTR,SB018N,LFS,30,1,L,17.9,8.1,68.5,0.29,1,38.047967,-121.909917
385255,5/18/2022,MWTR,SB018N,LFS,30,1,L,17.9,8.45,80.9,0.27,1,38.047967,-121.909917
385255,5/18/2022,MWTR,SB018N,LFS,25,1,L,17.9,8.45,80.9,0.27,1,38.047967,-121.909917
385255,5/18/2022,MWTR,SB018N,LFS,31,1,L,17.9,8.45,80.9,0.27,1,38.047967,-121.909917
385278,5/20/2022,MWTR,SB018N,LFS,92,1,n/a,18.7,7.41,118,0.25,1,38.047967,-121.909917
385280,5/20/2022,MWTR,SB018N,LFS,86,1,n/a,18.6,7.48,129,0.22,1,38.047967,-121.909917
385280,5/20/2022,MWTR,SB018N,LFS,34,1,n/a,18.6,7.48,129,0.22,1,38.047967,-121.909917
385280,5/20/2022,MWTR,SB018N,LFS,34,1,n/a,18.6,7.48,129,0.22,1,38.047967,-121.909917
385280,5/20/2022,MWTR,SB018N,LFS,33,1,n/a,18.6,7.48,129,0.22,1,38.047967,-121.909917
385299,5/23/2022,MWTR,SB018N,LFS,90,1,n/a,18.7,8.38,32.9,0.42,1,38.047967,-121.909917
385455,5/31/2022,MWTR,SB018N,LFS,31,1,n/a,18.9,7.75,53,0.3,1,38.047967,-121.909917
385613,6/8/2022,MWTR,SB018N,LFS,93,1,n/a,19.9,8.35,19.5,0.7,1,38.047967,-121.909917
,,,,,,Total,,,,,,,,
,,,,,,545,,,,,,,,
